sentence,labels,reasons
Legalization of marijuana could eventually lead to the legalization of harder drugs or all drugs altogether .,DRUG_POLICY,"Let's break down why the label **DRUG_POLICY** is correct for the given text. 1. **""Legalization of marijuana...""**: The sentence focuses on the potential consequences of legalizing marijuana. 2. **""...could eventually lead to the legalization of harder drugs or all drugs altogether.""**: This part explicitly discusses a specific drug policy issue – the potential domino effect of legalizing marijuana on the broader landscape of drug laws. The text doesn't delve into health effects, societal impacts, or personal freedom arguments. Instead, it directly addresses the implications of marijuana legalization for future drug policies. Therefore, the correct label is **DRUG_POLICY**. "
"The prolegalization forces say they aim to create a regulated and taxed market , removing marijuana sales from the criminal sphere .",DRUG_POLICY,"Let's break down why the label **DRUG_POLICY** is correct for the given text. 1. **Focus on Regulation and Taxation:** The sentence explicitly mentions ""creating a regulated and taxed market."" This aligns directly with the codebook definition of **DRUG_POLICY**, which includes mentions of ""market regulation"" as a key indicator. 2. **Removing from Criminal Sphere:** The phrase ""removing marijuana sales from the criminal sphere"" further emphasizes the discussion of government policies and their impact on the legal status of marijuana. Therefore, the correct label is **DRUG_POLICY**. "
It is time to actually start controlling marijuana in Massachusetts through the type of taxed and regulated system that is working well in Colorado and other states .,DRUG_POLICY,"Let's break down why the label **DRUG_POLICY** is correct for the given text. 1. **Mention of a Controlled System:** The text explicitly mentions ""controlling marijuana"" through a ""taxed and regulated system"". This points towards discussions about specific policies regarding marijuana legalization. 2. **Reference to Existing Policies:** The phrase ""that is working well in Colorado and other states"" implies an assessment of existing drug policies in those locations, further supporting the **DRUG_POLICY** category. Therefore, the correct label is **DRUG_POLICY**. "
"As the Timeseditorials make plain , legalization is prudent , humane policy , and it is past time for the federal government to act .",DRUG_POLICY,"Let's analyze the text and codebook to determine the correct label. 1. **Identify keywords:** The text mentions ""legalization"" and ""federal government to act."" 2. **Match keywords to codebook categories:** These keywords strongly align with the **[DRUG POLICY]** category. 3. **Examine codebook definition:** The [DRUG POLICY] category includes ""mentions of a government call to action"" and ""assessment of specific policies."" 4. **Apply definition to text:** The text advocates for legalization, suggesting it's a ""prudent, humane policy,"" which implies an assessment of the policy itself. Additionally, the phrase ""past time for the federal government to act"" is a clear call to action directed at the government regarding drug policy. Therefore, the correct label is **[DRUG POLICY]**. "
"Robert W. Sweet , a federal judge , strongly agrees : "" The present policy of trying to prohibit the use of drugs through the use of criminal law is a mistake "" .",DRUG_POLICY,"Let's analyze the text and determine why the label **DRUG_POLICY** is correct: 1. **Focus on Policy:** The sentence explicitly mentions ""the present policy of trying to prohibit the use of drugs through the use of criminal law"". This clearly indicates a discussion about government policies related to drug control. 2. **Assessment of Policy:** The phrase ""is a mistake"" implies an evaluation or assessment of the effectiveness of this particular drug policy. 3. **Authority Figure:** The quote is attributed to Robert W. Sweet, a federal judge, lending weight to the statement as coming from someone knowledgeable about legal and policy matters. Therefore, the correct label is **DRUG_POLICY**. "
"After all , there is nothing to regulate what is sold and no way to sue anyone for product liability .",DRUG_POLICY,"Let's break down why the label **DRUG_POLICY** is appropriate for the given text: 1. **Focus on Regulation:** The phrase ""there is nothing to regulate"" directly points to a lack of established guidelines or control mechanisms. This aligns with the **DRUG_POLICY** aspect, which often discusses government policies and regulations surrounding drug use. 2. **Product Liability:** The mention of ""no way to sue anyone for product liability"" further strengthens the connection to **DRUG_POLICY**. Product liability laws are frequently part of regulatory frameworks, especially when dealing with potentially harmful substances. The absence of such legal recourse highlights a gap in existing drug policy. Therefore, the correct label is **DRUG_POLICY**. "
“ The government ’s efforts to combat illegal drugs have been a total failure . ”,DRUG_POLICY,"Let's break down why the label **DRUG_POLICY** is appropriate for the given text. 1. **Focus on Government Action:** The sentence explicitly mentions ""the government's efforts"". This points towards a discussion about policies and actions taken by governing bodies. 2. **""Combat illegal drugs"":** This phrase directly relates to drug policy, as it refers to strategies and measures implemented to control or reduce the illicit drug trade. 3. **Evaluation of Effectiveness:** The statement ""have been a total failure"" implies an assessment of the success or failure of these government efforts, which is a common theme in discussions about drug policy. Therefore, the correct label is **DRUG_POLICY**. "
Researchers at Harvard-affiliated McLean Hospital found members of a religious group regularly using peyote scored significantly better on several measures of overall mental health than did subjects who did not use the hallucinogen .,HEALTH/PSYCHOLOGICAL_EFFECTS,"Here's a step-by-step reasoning for why the label HEALTH/PSYCHOLOGICAL_EFFECTS is correct: 1. **The text discusses the effects of a substance (peyote) on mental health.** It explicitly mentions researchers finding that peyote users scored ""significantly better"" on ""measures of overall mental health"". 2. **The codebook defines HEALTH/PSYCHOLOGICAL_EFFECTS as encompassing mentions of effects of substances on the body and mind.** This aligns directly with the text's focus on the impact of peyote consumption on mental health measures. Therefore, the correct label is HEALTH/PSYCHOLOGICAL_EFFECTS. "
"Even though you can not count it as a health benefit , it should be taken as a positive mental effect that spurs creativity in the brain and helps you find new ideas .",HEALTH/PSYCHOLOGICAL_EFFECTS,"Let's break down why the label **HEALTH/PSYCHOLOGICAL_EFFECTS** is correct for the given text. 1. **Focus on Mental Effects:** The sentence explicitly states ""positive mental effect"" and goes on to describe how marijuana use ""spurs creativity in the brain and helps you find new ideas."" 2. **Alignment with Codebook Definition:** This directly aligns with the codebook's definition of the **HEALTH/PSYCHOLOGICAL_EFFECTS** aspect: * *""Mentions of effects of mj on the body and mind""* 3. **Specific Examples:** The text provides concrete examples of these psychological effects – ""creativity"" and ""finding new ideas."" Therefore, the correct label is **HEALTH/PSYCHOLOGICAL_EFFECTS**. "
Do we really need to add yet another mind-altering substance to the array ?,HEALTH/PSYCHOLOGICAL_EFFECTS,"1. **Identification of Key Terms:** The sentence contains the phrase ""mind-altering substance."" 2. **Connecting to Codebook Categories:** This phrase directly relates to the effects of marijuana on the body and mind, a core element of the **HEALTH/PSYCHOLOGICAL_EFFECTS** category in the codebook. Therefore, the correct label is **HEALTH/PSYCHOLOGICAL_EFFECTS**."
"And , so , conversely , what we are winding up with is a generation of burgeoning adults who have no idea why they have so much anxiety ( when they are n't high ) or why it is practically impossible for them to relate to other people ( unless they ' re high ) .",HEALTH/PSYCHOLOGICAL_EFFECTS,"Here's the step-by-step reasoning: 1. **Identify key phrases:** The text mentions ""anxiety,"" ""impossible to relate to other people,"" and being ""high."" 2. **Connect phrases to codebook categories:** These phrases directly relate to the effects of marijuana consumption on the mind and body, falling under the **HEALTH/PSYCHOLOGICAL EFFECTS** category. 3. **Confirm with codebook examples:** The codebook explicitly states that mentions of ""effects of mj on the body and mind"" belong to this category. Phrases like ""Mj consumption makes relaxed,"" ""Mj consumption makes creative,"" or even ""Mj consumption makes violent"" exemplify this. Therefore, the correct label is HEALTH/PSYCHOLOGICAL_EFFECTS. "
Increased drug use leads to negative health effects .,HEALTH/PSYCHOLOGICAL_EFFECTS,"Let's break down why the label ""HEALTH/PSYCHOLOGICAL_EFFECTS"" is correct for the text ""Increased drug use leads to negative health effects."" 1. **Focus on Effects:** The sentence directly addresses the consequences (""negative health effects"") of increased drug use. 2. **Codebook Alignment:** The codebook explicitly states that ""HEALTH/PSYCHOLOGICAL EFFECTS"" includes ""Mentions of effects of mj on the body and mind."" While marijuana isn't specifically mentioned, the general principle of drug use leading to health effects aligns with this category. Therefore, the correct label is HEALTH/PSYCHOLOGICAL_EFFECTS. "
It affects your judgment and motor skills and in the long term it makes you lazy . ”,HEALTH/PSYCHOLOGICAL_EFFECTS,"Let's analyze the text to determine the aspect: * **""It affects your judgment and motor skills...""**: This phrase directly addresses the impact of marijuana consumption on cognitive functions (judgment) and physical abilities (motor skills). These are both aspects of mental and physical health. * **""...and in the long term it makes you lazy.""**: This statement suggests a potential negative psychological effect of prolonged marijuana use, linking it to decreased motivation. Therefore, the correct label is **HEALTH/PSYCHOLOGICAL_EFFECTS**. "
They say it makes you calm down and feel good .,HEALTH/PSYCHOLOGICAL_EFFECTS,"Let's break down the reasoning: 1. **Identify keywords:** The text mentions ""calm down"" and ""feel good,"" which are directly related to the psychological effects of marijuana use. 2. **Match keywords to codebook categories:** The codebook category ""HEALTH/PSYCHOLOGICAL EFFECTS"" specifically includes phrases like *""Mj consumption makes relaxed""* and *""Mj consumption makes creative.""* 3. **Apply the definition:** The text describes the perceived emotional and mental effects of marijuana use, aligning with the definition of ""HEALTH/PSYCHOLOGICAL EFFECTS."" Therefore, the correct label is HEALTH/PSYCHOLOGICAL_EFFECTS. "
"A world where instead of drinking cheap beer , a hopeful political candidate can roll a joint to seem like the "" people ' s choice "" does n't have to seem crazy .",LEGAL_DRUGS,"Let's break down why the label ""LEGAL_DRUGS"" is correct for this text: 1. **Comparison:** The sentence directly compares marijuana (""roll a joint"") with alcohol (""drinking cheap beer""). This comparison is a key indicator of the ""LEGAL_DRUGS"" aspect. 2. **Social Acceptance:** The phrase ""seem like the 'people's choice'"" suggests a discussion about marijuana's social acceptance and potential normalization, often a point raised when comparing it to already legal substances like alcohol. 3. **Absence of Other Aspects:** The sentence doesn't mention any other aspects listed in the codebook, such as health effects, child safety, or illegal trade. Therefore, the correct label is LEGAL_DRUGS. "
"But neither are there such answers about tobacco or alcohol , and we believe that on every level — health effects , the impact on society and law-and-order issues — the balance falls squarely on the side of national legalization .",LEGAL_DRUGS,"Let's analyze the text step by step: 1. **Comparison:** The text starts by comparing marijuana to ""tobacco or alcohol."" This immediately suggests a discussion about legal substances and their relative harm. 2. **""Balance falls squarely on the side of national legalization"":** This phrase explicitly states an argument in favor of legalizing marijuana. It implies that, when considering various factors (health effects, societal impact, law enforcement), legalization is the preferable outcome. 3. **Aspects Mentioned:** The text touches upon ""health effects,"" ""impact on society,"" and ""law-and-order issues."" These align with several aspects defined in the codebook: * **HEALTH/PSYCHOLOGICAL EFFECTS**: Mentions ""health effects"" * **COMMUNITY/SOCIETAL EFFECTS**: Refers to the ""impact on society"" * **DRUG POLICY**: Implicitly discusses legalization as a policy choice. Therefore, the correct label is LEGAL_DRUGS. "
"Legalizing marijuana will end that violence , much like ending alcohol prohibition ended the violence of the illegal alcohol economy .",LEGAL_DRUGS,"Here's a step-by-step reasoning for why the label LEGAL_DRUGS is correct: 1. **The sentence compares marijuana legalization to ending alcohol prohibition.** This immediately suggests a discussion about the relative harms and social impacts of different legal substances. 2. **The phrase ""violence of the illegal alcohol economy""** directly references the negative consequences associated with the black market for alcohol, implying that a similar situation exists for marijuana. 3. **The argument posits that legalization will ""end that violence,""** suggesting that making marijuana legal would reduce criminal activity and its associated harm, much like what happened when alcohol prohibition ended. Therefore, the correct label is LEGAL_DRUGS. "
She likens it to making alcohol or cigarettes ten times stronger .,LEGAL_DRUGS,"Here's a step-by-step reasoning for why the label ""LEGAL_DRUGS"" is correct: 1. **Focus on the comparison:** The sentence compares marijuana (""it"") to alcohol and cigarettes, implying a discussion about the relative harm or strength of these substances. 2. **Reference to legal drugs:** The phrase ""making alcohol or cigarettes ten times stronger"" directly references two legal drugs commonly consumed in society. 3. **Implied argument:** While not explicitly stated, the sentence suggests an argument that marijuana's potential risks are comparable to those of already legal and widely accepted substances. Therefore, the correct label is LEGAL_DRUGS. "
"Like sex , alcohol , or cigarettes , marijuana is one of life ' s little pleasures for some people .",LEGAL_DRUGS,"Here's a step-by-step reasoning for the given text and label: 1. **Identify Key Phrases:** The sentence compares marijuana to ""sex, alcohol, or cigarettes"" and refers to it as ""one of life's little pleasures."" 2. **Match with Codebook Categories:** These phrases directly align with the **[LEGAL_DRUGS]** category in the codebook. This category explicitly mentions comparisons between marijuana and other legal substances like alcohol and tobacco, often highlighting arguments about their relative harm or social acceptance. 3. **Reasoning:** The sentence argues that marijuana, like other socially accepted indulgences (sex, alcohol, cigarettes), can be a pleasurable experience for some individuals. This comparison supports the stance that marijuana should be treated similarly to these legal substances. Therefore, the correct label is **[LEGAL_DRUGS]**. "
"Many anti-prohibition activists focus on the well-documented dangers of alcohol ( such as alcoholism , cystisis , domestic violence , brain and liver damage ) .",LEGAL_DRUGS,"Let's break down why the label ""LEGAL_DRUGS"" is appropriate for this text: 1. **Comparison:** The sentence directly compares marijuana to alcohol, stating that ""Many anti-prohibition activists focus on the well-documented dangers of alcohol"". 2. **Listing Harmful Effects:** The sentence then lists specific harmful effects associated with alcohol consumption: alcoholism, cystitis, domestic violence, brain and liver damage. 3. **Implied Argument:** While not explicitly stated, the comparison implies that alcohol, despite being legal, poses significant dangers. This sets up an implicit argument for the legalization of marijuana by contrasting its perceived harms with those of a currently legal substance. Therefore, the correct label is LEGAL_DRUGS. "
They decided that these unintended side effects far outweighed whatever harms Prohibition prevented by discouraging drinking .,LEGAL_DRUGS,"Let's analyze the text and apply the codebook to determine the appropriate aspect(s): 1. **Identify Key Concepts:** The sentence discusses ""unintended side effects"" and compares them to ""harms prevented"" by a policy (""Prohibition""). It also mentions ""drinking."" 2. **Match to Codebook Categories:** The comparison of unintended side effects from Prohibition (a historical policy against alcohol consumption) with the harms it prevented directly relates to the debate surrounding legalizing substances. The mention of ""drinking"" further reinforces this connection. 3. **Specific Aspect:** The aspect **LEGAL_DRUGS** fits best because the text implicitly argues that the negative consequences of prohibiting a substance (alcohol, in this case) outweigh the perceived benefits. This is a common argument used in discussions about legalizing drugs like marijuana. Therefore, the correct label is LEGAL_DRUGS. "
"The United Nations Office of Drugs and Crime has also acknowledged the many "" unintended negative consequences "" of drug enforcement .",COMMUNITY/SOCIETAL_EFFECTS,"Here's a step-by-step reasoning for why the provided label is correct: 1. **Sentence Focus:** The sentence discusses the ""unintended negative consequences"" of drug enforcement. 2. **Codebook Alignment:** The `COMMUNITY/SOCIETAL EFFECTS` category explicitly mentions effects related to increases or decreases in drug use due to legalization. While this sentence doesn't directly talk about legalization, it does address a broader societal impact – the consequences of current drug policies (enforcement). 3. **Implication:** The phrase ""unintended negative consequences"" suggests that drug enforcement has ripple effects on communities and society at large. These consequences are likely related to issues like crime rates, social cohesion, or public health. Therefore, the correct label is COMMUNITY/SOCIETAL_EFFECTS. "
"I think that we have the opportunity through the states that are pursuing recreational marijuana to find out a lot more than we know today ... So , I think we ' re just at the beginning , but I agree completely with the idea that we have got to stop imprisoning people who use marijuana .",COMMUNITY/SOCIETAL_EFFECTS,"Let's break down why the label **COMMUNITY/SOCIETAL_EFFECTS** is correct for the given text: 1. **Focus on Imprisonment:** The sentence ""we have got to stop imprisoning people who use marijuana"" directly addresses the societal impact of marijuana criminalization. 2. **Broader Implications:** The phrase ""stop imprisoning people"" suggests a concern about the effect of current drug policy on communities and society as a whole. This aligns with the definition of **COMMUNITY/SOCIETAL_EFFECTS**, which includes mentions of how legalization or decriminalization might affect crime rates, social norms, and the treatment of individuals. 3. **Learning from Other States:** The text also mentions learning from states pursuing recreational marijuana. This implies an interest in understanding the broader societal consequences (both positive and negative) of changing drug policies. Therefore, the correct label is **COMMUNITY/SOCIETAL_EFFECTS**. "
"Six times as many homicides are committed by people under the influence of drugs , as by those who are looking for money to buy drugs .",COMMUNITY/SOCIETAL_EFFECTS,"Here's a step-by-step reasoning for why the label ""COMMUNITY/SOCIETAL_EFFECTS"" is correct for the given text: 1. **Sentence Focus:** The sentence focuses on the comparison of homicides committed by people under the influence of drugs versus those committed for financial reasons related to drug purchasing. 2. **Implication of Drug Use:** This comparison directly points to a societal consequence of drug use, specifically its link to violent crime (homicide). 3. **Codebook Alignment:** The ""COMMUNITY/SOCIETAL EFFECTS"" category in the codebook explicitly mentions: * ""Mentions of increase/decrease in cannabis/drug use due to legalization"" * ""...legalization would reduce/increase crime in general"". 4. **Relevance:** While the text doesn't mention marijuana legalization specifically, it discusses a broader societal impact – the link between drug use (not limited to marijuana) and violent crime. This aligns with the codebook's definition of ""COMMUNITY/SOCIETAL EFFECTS."" Therefore, the correct label is COMMUNITY/SOCIETAL_EFFECTS. "
"If one views incarceration as a public health issue , then legalization could have a positive result .",COMMUNITY/SOCIETAL_EFFECTS,"Let's break down why the label **COMMUNITY/SOCIETAL_EFFECTS** is correct for the given text: 1. **Focus on Societal Impact:** The sentence discusses the potential impact of legalization on ""incarceration,"" which is a societal issue with wide-reaching consequences. 2. **Public Health Framework:** Framing incarceration as a ""public health issue"" suggests a concern for the overall well-being of the community, aligning with the **COMMUNITY/SOCIETAL_EFFECTS** aspect. 3. **Positive Result Implication:** The phrase ""could have a positive result"" hints at legalization leading to reduced incarceration rates, which would be a significant societal benefit. Therefore, the correct label is **COMMUNITY/SOCIETAL_EFFECTS**. "
"Legalization of marijuana would further shift the culture to more of a "" anything goes "" mentality .",COMMUNITY/SOCIETAL_EFFECTS,"Let's break down why the label **COMMUNITY/SOCIETAL_EFFECTS** is appropriate for the given text. 1. **Focus on Societal Impact:** The sentence discusses the potential impact of marijuana legalization on societal culture, specifically mentioning a shift towards a ""anything goes"" mentality. 2. **Beyond Individual Use:** The text doesn't focus on personal experiences with marijuana or its direct effects on health. Instead, it examines the broader cultural implications of legalization. 3. **Alignment with Codebook Definition:** The codebook defines **COMMUNITY/SOCIETAL_EFFECTS** as including mentions of ""increase/decrease in cannabis/drug use due to legalization"" and statements about the morality or decriminalization related to drug use. The sentence clearly falls into this category by addressing a potential societal shift resulting from legalization. Therefore, the correct label is **COMMUNITY/SOCIETAL_EFFECTS**. "
"It is reaffirmed by several studies that have linked marijuana use to criminal behavior , unemployment , lower incomes , greater welfare dependence , and lower life satisfaction .",COMMUNITY/SOCIETAL_EFFECTS,"Let's break down why the label ""COMMUNITY/SOCIETAL_EFFECTS"" is appropriate for the given text: 1. **Focus on Broader Impacts:** The sentence discusses the consequences of marijuana use, not on an individual level but on societal metrics like unemployment, income, welfare dependence, and life satisfaction. This points towards examining the broader effects on the community. 2. **Linking Marijuana to Negative Societal Outcomes:** The phrase ""have linked marijuana use to criminal behavior"" directly connects marijuana consumption with undesirable social outcomes. 3. **Alignment with Codebook Definition:** The codebook definition of ""COMMUNITY/SOCIETAL EFFECTS"" includes mentions of increases or decreases in drug use and broader statements about the morality or legality of drug use. This sentence clearly fits within that scope by outlining potential negative societal consequences associated with marijuana use. Therefore, the correct label is COMMUNITY/SOCIETAL_EFFECTS. "
"These arrests take officers away from more urgent issues , and can have serious consequences for the arrested .",COMMUNITY/SOCIETAL_EFFECTS,"Let's break down why the label **COMMUNITY/SOCIETAL_EFFECTS** is accurate for this text: 1. **Focus on Consequences:** The sentence highlights the negative repercussions of arrests, specifically mentioning how they divert police resources from ""more urgent issues"" and negatively impact those arrested. 2. **Broader Societal Impact:** This implies a discussion about the overall effect of marijuana-related law enforcement on the community. Arrests strain police resources, potentially affecting their ability to address other crimes. The sentence also alludes to the potential harm these arrests inflict on individuals within the community. 3. **Alignment with Codebook Definition:** The codebook definition for COMMUNITY/SOCIETAL_EFFECTS includes mentions of ""increase/decrease in cannabis/drug use due to legalization,"" ""morally wrong to enable people to use drugs,"" and ""legalization would reduce/increase crime in general."" While the text doesn't explicitly mention marijuana, the discussion about arrests and their broader societal consequences aligns with these themes. Therefore, the correct label is **COMMUNITY/SOCIETAL_EFFECTS**. "
Others believe it helps in the treatment of depression .,MEDICAL_MARIJUANA,"Let's break down why the label **MEDICAL_MARIJUANA** is correct for the text ""Others believe it helps in the treatment of depression."" 1. **Identify Key Phrases:** The sentence focuses on the potential benefits of marijuana (""it helps"") for a specific medical condition (""treatment of depression""). 2. **Match to Codebook Categories:** The codebook defines **MEDICAL_MARIJUANA** as ""MJ as a treatment for various diseases"". 3. **Direct Relevance:** Depression is a disease, and the sentence explicitly states a belief that marijuana can help treat it. Therefore, the correct label is **MEDICAL_MARIJUANA**. "
Marijuana is used to alleviate a lot of medical ailments .,MEDICAL_MARIJUANA,"1. **Identify keywords:** The sentence mentions ""Marijuana"" and ""alleviate a lot of medical ailments."" 2. **Match keywords to codebook categories:** * ""Marijuana"" is directly mentioned, which is relevant to multiple categories but crucial for identifying the focus. * ""Alleviate medical ailments"" strongly aligns with the description in the **MEDICAL MARIJUANA** category: *""MJ as a treatment for various diseases""* 3. **Analyze sentence structure:** The sentence structure clearly presents marijuana as a tool for treating medical conditions. Therefore, the correct label is MEDICAL_MARIJUANA."
The drug also helps with people who have loss of appetite due to diseases such as HIV / AIDS .,MEDICAL_MARIJUANA,"Let's break down why the label **MEDICAL_MARIJUANA** is correct for the text: 1. **Focus on Medical Use:** The sentence explicitly states ""The drug also helps with people who have loss of appetite due to diseases such as HIV / AIDS."" 2. **Codebook Alignment:** This aligns directly with the description of the **MEDICAL MARIJUANA** aspect in the codebook: *""MJ as a treatment for various diseases""* Therefore, the correct label is **MEDICAL_MARIJUANA**. "
They say that medical marijuana is a front for drug legalization and recreational use .,MEDICAL_MARIJUANA,"Here's a breakdown of why the label **MEDICAL_MARIJUANA** is correct for the given text: 1. **Key Phrase:** The sentence contains the phrase ""medical marijuana."" This directly aligns with the definition provided in the codebook for the MEDICAL_MARIJUANA aspect: *""MJ as a treatment for various diseases""* 2. **Contextual Clue:** The phrase ""a front for drug legalization and recreational use"" suggests that the speaker is skeptical of the medicinal claims surrounding marijuana, implying they believe it's being used as a pretext to legalize it for broader uses. This further reinforces the relevance of the MEDICAL_MARIJUANA aspect, as the sentence is debating its legitimacy as a purely medical treatment. Therefore, the correct label is **MEDICAL_MARIJUANA**. "
It has also been proven many times over and over again as well as it being used by doctors to help patients fighting cancer .,MEDICAL_MARIJUANA,"1. **Identify keywords:** The text mentions ""doctors"" and ""help patients fighting cancer"". 2. **Match keywords to codebook categories:** These keywords align closely with the definition of the ""[MEDICAL MARIJUANA]"" aspect, which states: *""MJ as a treatment for various diseases""* 3. **Absence of other aspects:** There are no mentions of illegal trade, child safety concerns, societal effects, health effects beyond medicinal use, drug abuse, budget implications, drug policy, addiction, harm comparisons, personal freedom, gateway drug arguments, or comparisons to legal drugs. Therefore, the correct label is MEDICAL_MARIJUANA. "
"HIV / AIDS - Increases appetite in patients experiencing severe weight loss , eases neurological symptoms .",MEDICAL_MARIJUANA,"Let's break down why the label ""MEDICAL_MARIJUANA"" is appropriate for the text: 1. **Focus on Medical Application:** The text explicitly mentions the use of marijuana (""MJ"") in a medical context. 2. **Specific Benefits:** It highlights the positive effects of marijuana for HIV/AIDS patients, stating it ""Increases appetite in patients experiencing severe weight loss"" and ""eases neurological symptoms."" 3. **Codebook Alignment:** The ""MEDICAL MARIJUANA"" aspect in the codebook directly addresses the use of marijuana as a treatment for various diseases. Therefore, the correct label is MEDICAL_MARIJUANA. "
There have been a handful of polls over the last year and all of them show overwhelming support for medical marijuana .,MEDICAL_MARIJUANA,"Let's break down why the label **MEDICAL_MARIJUANA** is correct for the given text. 1. **Focus on Medical Use:** The sentence explicitly mentions ""medical marijuana"" and states that there is ""overwhelming support"" for it. 2. **Codebook Alignment:** This directly aligns with the definition of the **MEDICAL_MARIJUANA** aspect in the codebook: ""MJ as a treatment for various diseases"". Therefore, the correct label is **MEDICAL_MARIJUANA**. "
"In Australia , a study found that cannabis intoxication was responsible for 4.3 % of driver fatalities .",DRUG_ABUSE,"Let's break down why the label **DRUG_ABUSE** is correct for the given text. 1. **Focus on Driving Impairment:** The sentence explicitly mentions ""cannabis intoxication"" and its link to ""driver fatalities."" 2. **Relevance to Drug Abuse:** Driving under the influence of drugs falls squarely under the category of drug abuse. It highlights the dangers associated with impaired judgment and motor skills due to drug consumption. Therefore, the correct label is **DRUG_ABUSE**. "
"^ "" Impaired Driving "" .",DRUG_ABUSE,"Let's break down why the label **DRUG_ABUSE** is appropriate for the text ""Impaired Driving"". * **The Codebook:** The codebook explicitly links **DRUG_ABUSE** with phrases like ""people drive under the influence"" and mentions of drug abuse in general. * **Connecting the Text to the Codebook:** ""Impaired Driving"" directly implies driving under the influence of a substance, which is a clear indicator of drug abuse. Therefore, the correct label is **DRUG_ABUSE**. "
Then there is the somewhat conflicting evidence on the dangers of people operating motor vehicles after using marijuana .,DRUG_ABUSE,"Let's break down why the label ""DRUG_ABUSE"" is appropriate for this text: 1. **Focus on Operation:** The sentence highlights ""the dangers of people operating motor vehicles after using marijuana."" This directly relates to impaired driving, a key concern associated with drug abuse. 2. **Implied Impairment:** While not explicitly stating ""drug abuse,"" the phrasing implies that marijuana use can lead to cognitive impairment affecting safe driving abilities. 3. **Codebook Alignment:** The codebook lists ""people drive under the influence"" as an example for the ""DRUG ABUSE"" category. The sentence clearly aligns with this concept. Therefore, the correct label is DRUG_ABUSE. "
"Mowrey ' s theory regarding "" stoned drivers "" omits the fact that the RTMA states specifically that "" driving while impaired by marijuana remains illegal . """,DRUG_ABUSE,"Let's break down why the label **DRUG_ABUSE** is correct for the given text: 1. **Focus on Impaired Driving:** The text directly mentions ""stoned drivers"" and highlights that driving while impaired by marijuana remains illegal. 2. **Linking Marijuana to Impairment:** The phrase ""driving while impaired by marijuana"" explicitly connects marijuana use with a state of impairment, which is a key aspect of drug abuse concerns. 3. **Legal Context Reinforces Drug Abuse Theme:** The reference to the RTMA (presumably referring to a legal framework or regulation) underscores the seriousness of marijuana-related impairment within a legal and safety context. This aligns with the codebook's definition of DRUG ABUSE which mentions ""people drive under the influence"" Therefore, the correct label is **DRUG_ABUSE**. "
The study noted that some of the drivers who tested positive may have last used marijuana “ several hours or even days prior to the crash . ”,DRUG_ABUSE,"Let's break down why the label ""DRUG_ABUSE"" is appropriate for the given text. 1. **Focus on Drug Use:** The sentence explicitly mentions ""drivers who tested positive"" for marijuana. This immediately points to drug use as a central theme. 2. **Implication of Impairment:** The phrase ""several hours or even days prior to the crash"" suggests that the drivers may have been impaired at the time of the accident, even if their last use was not immediate. This aligns with concerns about drug abuse and its potential consequences. Therefore, the correct label is DRUG_ABUSE. "
"“ We get all of our money for these campaigns from individual donors , many people who lost family members to drug abuse , including from marijuana , ” Sabet said .",DRUG_ABUSE,"Let's break down why the label ""DRUG ABUSE"" is correct for this sentence: 1. **Focus on Drug Abuse:** The sentence directly mentions ""drug abuse"" as a reason for donations to campaigns. 2. **Specific Mention of Marijuana:** It further specifies that marijuana is one of the drugs involved in the abuse cases motivating these donors. Therefore, the correct label is DRUG_ABUSE. "
"Because marijuana metabolites can remain in a body for days or even weeks after use , we have no accurate way of telling if those people were legally impaired by marijuana at the time of the fatal accident .",DRUG_ABUSE,"Let's break down why the label <DRUG_ABUSE> is correct for the given text: 1. **Focus on Impairment:** The sentence discusses the difficulty in determining if someone was ""legally impaired"" by marijuana at the time of a fatal accident. This points towards issues related to drug use and its potential consequences. 2. **Mention of Metabolites:** The text specifically mentions ""marijuana metabolites,"" which are substances produced by the body after consuming marijuana. Their presence doesn't necessarily indicate current impairment, highlighting the complexities associated with detecting recent marijuana use for legal purposes. 3. **Link to Accidents:** The context of a ""fatal accident"" strongly suggests concerns about impaired driving, a major aspect of drug abuse discussions. Therefore, the correct label is <DRUG_ABUSE>. "
""" Students suck on lollipops between classes , go into class stoned , learn nothing , and teachers are increasingly helpless .",CHILD_AND_TEEN_SAFETY,"Let's break down why the label ""CHILD_AND_TEEN_SAFETY"" is appropriate for the given text: 1. **Focus on Students:** The text explicitly mentions ""Students"" as the subject, highlighting a demographic particularly relevant to child and teen safety concerns. 2. **Substance Use:** The phrase ""go into class stoned"" strongly implies marijuana use among students. 3. **Negative Consequences:** The text outlines negative outcomes associated with this substance use: * ""learn nothing"" - suggesting impaired cognitive function. * ""teachers are increasingly helpless"" - indicating a broader disruption to the learning environment. These points align directly with the codebook's definition of ""CHILD_AND_TEEN_SAFETY,"" which focuses on potential risks and dangers marijuana poses to young people. Therefore, the correct label is CHILD_AND_TEEN_SAFETY."
Keeping marijuana illegal will undoubtedly keep many young people from using it .,CHILD_AND_TEEN_SAFETY,"Let's analyze the sentence: ""Keeping marijuana illegal will undoubtedly keep many young people from using it."" 1. **Identify Key Concepts:** The sentence focuses on the impact of marijuana legality on young people's usage. It suggests that maintaining illegality would prevent access and thus usage by youth. 2. **Match with Codebook Categories:** This directly aligns with the description of the **CHILD_AND_TEEN_SAFETY** aspect: * The sentence explicitly mentions ""young people"" and their potential use of marijuana. 3. **Eliminate Other Possibilities:** None of the other aspects fit as well: * **ILLEGAL TRADE:** The sentence doesn't discuss criminal profits, cartels, or drug dealers. * **COMMUNITY/SOCIETAL EFFECTS:** While related to societal impact, the sentence narrowly focuses on youth access rather than broader consequences. * **HEALTH/PSYCHOLOGICAL EFFECTS:** No mention of marijuana's effects on the body or mind. 4. **Conclusion:** The primary concern expressed in the sentence is preventing underage marijuana use. Therefore, the correct label is CHILD_AND_TEEN_SAFETY"
It cites recent students that it says has shed light on the risks marijuana use poses to brain development in youth and the dangers of accessibility of recreational marijuana in the home .,CHILD_AND_TEEN_SAFETY,"Let's break down why the label **CHILD_AND_TEEN_SAFETY** is appropriate for the given text: 1. **Focus on Youth:** The sentence explicitly mentions ""risks marijuana use poses to brain development in youth"". This directly aligns with the **CHILD_AND_TEEN_SAFETY** aspect, which is concerned with the impact of marijuana on young people. 2. **Accessibility Concerns:** The phrase ""dangers of accessibility of recreational marijuana in the home"" further supports this label. It highlights a key worry within the **CHILD_AND_TEEN_SAFETY** aspect: the increased potential for children and teenagers to access marijuana if it's legalized for recreational use. Therefore, the correct label is **CHILD_AND_TEEN_SAFETY**. "
Would you want your kids regularly smoking pot ?,CHILD_AND_TEEN_SAFETY,"Here's a step-by-step reasoning for why the label CHILD_AND_TEEN_SAFETY is correct: 1. **Identify Key Phrases:** The text asks ""Would you want your kids regularly smoking pot?"". The phrase ""your kids"" directly refers to children, and ""regularly smoking pot"" implies potential marijuana use by minors. 2. **Match to Codebook Definition:** The CHILD_AND_TEEN_SAFETY aspect in the codebook focuses on concerns related to teenagers and children having access to marijuana. 3. **Sentence Alignment:** The question explicitly raises a concern about children smoking marijuana, aligning perfectly with the definition of CHILD_AND_TEEN_SAFETY. Therefore, the correct label is CHILD_AND_TEEN_SAFETY. "
Using and buying marijuana would still be illegal for anyone under 21 .,CHILD_AND_TEEN_SAFETY,"Let's break down why the label **CHILD_AND_TEEN_SAFETY** is appropriate for the text: * **The Sentence Focus:** The sentence directly addresses restrictions on marijuana use and purchase based on age (""anyone under 21""). * **Codebook Alignment:** This aligns perfectly with the **CHILD_AND_TEEN_SAFETY** category, which specifically mentions concerns about ""teenagers will have easier access to mj"" and ""children will be exposed to mj use."" Therefore, the correct label is **CHILD_AND_TEEN_SAFETY**. "
"Heavy recreational use of cannabinoids can adversely affect the brains of young people – that is , pre-adolescents to those in their early 20s – probably related to the continuing development of brain structures and functions in that age group .",CHILD_AND_TEEN_SAFETY,"Here's a step-by-step reasoning for the label assignment: 1. **Identify keywords:** The text mentions ""heavy recreational use,"" ""cannabinoids,"" and ""brains of young people."" 2. **Match keywords to aspects:** These keywords align with the description of the **CHILD AND TEEN SAFETY** aspect, which specifically focuses on potential risks of marijuana use for teenagers and children. 3. **Consider the context:** The sentence discusses the adverse effects of cannabinoids on brain development in young people, a key concern within the debate about marijuana legalization and its impact on youth. Therefore, the correct label is CHILD_AND_TEEN_SAFETY. "
Educators know that students using marijuana underperform when compared to their non-using peers .,CHILD_AND_TEEN_SAFETY,"Let's break down why the label ""CHILD_AND_TEEN_SAFETY"" is appropriate for the given text: 1. **Focus on Students:** The sentence explicitly mentions ""students using marijuana."" This immediately points towards a potential impact on young people, aligning with the concerns of child and teen safety. 2. **Academic Performance:** The phrase ""underperform when compared to their non-using peers"" highlights a negative consequence associated with marijuana use among students. This consequence directly relates to the well-being and development of children and teenagers. Therefore, the correct label is CHILD_AND_TEEN_SAFETY. "
Statewide revenue from dedicated pot taxes easily topped the money from alcohol taxes .,NATIONAL_BUDGET,"Let's break down the reasoning for labeling this sentence as NATIONAL_BUDGET: 1. **Focus on Finances:** The sentence explicitly discusses ""Statewide revenue"" and compares it to revenue from ""alcohol taxes."" This immediately points us towards financial implications. 2. **Taxation:** The phrase ""dedicated pot taxes"" highlights a specific source of income related to marijuana legalization – taxation. 3. **Comparison to Alcohol:** The comparison to alcohol tax revenue further emphasizes the discussion about government finances and the potential economic impact of legalizing marijuana. 4. **Codebook Alignment:** The NATIONAL_BUDGET category in our codebook explicitly mentions ""More money due to tax revenue"" as a relevant aspect. Therefore, the correct label is NATIONAL_BUDGET. "
"Legalization advocates claim that the move will provide police officers more money and time to go after criminals committing other crimes , such as violence .",NATIONAL_BUDGET,"1. **Identify keywords:** The sentence mentions ""police officers"", ""more money and time"" and ""go after criminals committing other crimes"". 2. **Link keywords to codebook categories:** These keywords suggest a discussion about resource allocation for law enforcement, which is related to the financial impact of legalization on public budgets. 3. **Match with specific aspect:** The codebook category ""NATIONAL BUDGET"" explicitly mentions ""More money due to tax revenue"" as a potential outcome of legalization. The sentence implies that freeing up police resources through reduced focus on marijuana-related crimes could lead to cost savings or redirecting funds for other law enforcement priorities. Therefore, the correct label is NATIONAL_BUDGET. "
This legalize and tax argument is un-ethical and uneconomical .,NATIONAL_BUDGET,"Let's break down the reasoning for labeling the given text as NATIONAL_BUDGET: 1. **Keywords:** The text mentions ""legalize and tax,"" which are strong indicators of economic considerations related to marijuana legalization. 2. **Codebook Alignment:** The NATIONAL_BUDGET aspect in the codebook specifically refers to arguments concerning financial implications, such as increased tax revenue or potential costs associated with treating drug addiction. 3. **Ethical Argument:** While the text also mentions ""unethical,"" this likely refers to the ethical implications of the financial policies surrounding legalization rather than other aspects like health effects or societal impact. Therefore, the correct label is NATIONAL_BUDGET. "
That money can go towards public school construction .,NATIONAL_BUDGET,"Let's analyze the text and see which aspect from the codebook applies: 1. **Focus on Finances:** The sentence talks about money being allocated to a specific purpose: ""That money can go towards public school construction"". 2. **Relevance to National Budget:** The discussion of how funds are used directly relates to the concept of a national budget, as it involves governmental financial allocation and spending priorities. Therefore, the correct label is NATIONAL_BUDGET."
It generates tax revenue .,NATIONAL_BUDGET,"Let's analyze the sentence: ""It generates tax revenue."" 1. **Identify keywords:** The key phrase here is ""tax revenue."" 2. **Consult the codebook:** Looking at the [NATIONAL BUDGET] category, we see the description: ""More money due to tax revenue"". 3. **Match the keywords:** The sentence directly aligns with this description as it explicitly states the generation of tax revenue. Therefore, the correct label is NATIONAL_BUDGET. "
"Marijuana is already believed to be the nation ' s number one cash crop , exceeding the combined value of wheat and corn .",NATIONAL_BUDGET,"Let's analyze the text and determine the appropriate aspect label based on the provided codebook. 1. **Key Phrase Identification:** The text states: ""Marijuana is already believed to be the nation ' s number one cash crop , exceeding the combined value of wheat and corn ."" 2. **Relevance to Codebook Categories:** This phrase directly relates to the financial implications of marijuana cultivation. 3. **Matching Aspect Definition:** The [NATIONAL BUDGET] category in the codebook explicitly mentions ""More money due to tax revenue."" While the text doesn't mention taxes, it highlights marijuana's significant economic value as a cash crop, surpassing traditional agricultural staples. This implies potential revenue generation and thus aligns with the NATIONAL BUDGET aspect. Therefore, the correct label is **NATIONAL_BUDGET**. "
"According to press reports , supporters of the California initiative estimate that about $ 15-billion worth of marijuana is sold every year in the state – thus , an excise tax on the retail sales of marijuana would likely raise at least $ 1.3 billion a year in revenue .",NATIONAL_BUDGET,"Here's a step-by-step reasoning for why the label ""NATIONAL_BUDGET"" is correct: 1. **Focus on Keywords:** The text mentions ""excise tax,"" ""$15-billion worth of marijuana,"" and ""$1.3 billion a year in revenue."" These keywords are directly related to financial implications and government revenue. 2. **Relate to Codebook Definition:** The codebook defines the ""NATIONAL_BUDGET"" aspect as encompassing discussions about tax revenue, costs associated with legalization (e.g., treatment of drug addicts), and potential financial impact on the national budget. 3. **Match Text to Definition:** The text explicitly discusses a potential excise tax on marijuana sales leading to substantial revenue generation for the state (""would likely raise at least $1.3 billion a year""). This aligns perfectly with the ""NATIONAL_BUDGET"" aspect as defined in the codebook. Therefore, the correct label is NATIONAL_BUDGET."
"In 2000 , there were six times as many emergency room mentions of marijuana use as there were in 1990 , despite the fact that the number of people using marijuana is roughly the same .",HARM,"Let's break down why the label **HARM** is appropriate for this text: 1. **Focus on Emergency Room Mentions:** The sentence highlights a significant increase in emergency room mentions related to marijuana use. This directly implies potential negative health consequences associated with marijuana consumption. 2. **Comparison to Past Data:** The comparison to 1990 data emphasizes that this trend is not simply due to increased marijuana usage but suggests a rise in the severity of marijuana-related health issues requiring emergency medical attention. 3. **Implied Harm:** While the text doesn't explicitly state ""marijuana is harmful,"" the context strongly suggests it. The increase in emergency room visits points towards adverse effects experienced by users, aligning with the definition of harm within this codebook framework. Therefore, the correct label is **HARM**. "
She claims they do more harm than good .,HARM,"Here's a breakdown of why the label **HARM** is appropriate for the text: 1. **Focus on Comparison:** The sentence directly compares the ""harm"" done by something (implied to be marijuana legalization) with the potential ""good"". 2. **Alignment with Codebook:** The codebook defines **HARM** as a category concerned with comparisons of marijuana's harm relative to other substances or its overall societal impact. 3. **Implied Subject:** While not explicitly stated, the context strongly suggests that ""they"" refers to policies or arguments related to marijuana legalization. Therefore, the correct label is **HARM**. "
Even legal substances like pizza and donuts can be harmful to a person if not consumed in moderation .,HARM,"Here's the step-by-step reasoning for labeling the text as **HARM**: 1. **Identify Keywords:** The sentence uses words like ""harmful"" which directly relate to the concept of potential negative consequences. 2. **Contextualize:** The sentence compares legal substances (pizza and donuts) to marijuana, implying that even legal things can have harmful effects if misused. This sets up a discussion about the potential harm associated with marijuana use. 3. **Codebook Alignment:** The ""HARM"" category in the codebook explicitly mentions comparisons of marijuana's harm to other substances. Therefore, the correct label is **HARM**. "
"Drug Free Australia argues that distinctions between "" soft "" and "" hard "" drugs are entirely artificial , and titling cannabis "" soft "" or ecstasy "" recreational "" does not lessen the extensive harms of these substances .",HARM,"Let's break down why the label **HARM** is correct for the given text: 1. **Focus on Harms:** The sentence explicitly discusses ""extensive harms"" associated with cannabis and ecstasy. 2. **Rejection of Categorization:** The phrase ""distinctions between 'soft' and 'hard' drugs are entirely artificial"" suggests that the argument centers around the inherent harmfulness of drugs, regardless of how they are categorized. 3. **Emphasis on Substance Harm:** The text argues that labeling cannabis as ""soft"" or ecstasy as ""recreational"" doesn't diminish their harmful nature. Therefore, the correct label is **HARM**. "
"“ What we know is the THC , the psychoactive component of marijuana , back in the 60 ’s and 70 ’s was less than 1 % .",HARM,"Let's break down why the label ""HARM"" is correct for the given text: 1. **Focus on THC:** The sentence explicitly mentions THC, the psychoactive component of marijuana, and its potency in the past. This immediately points towards a discussion about the effects of marijuana. 2. **Implied Comparison:** While not directly stated, the sentence implies a comparison between the THC levels of the past (less than 1%) and present-day marijuana. This suggests a discussion about how changes in marijuana potency might relate to potential harm. 3. **Relevance to ""HARM"" Category:** The codebook defines the ""HARM"" category as encompassing discussions comparing marijuana's harm to other drugs. While not explicitly mentioning other drugs, the focus on THC potency and its historical change strongly suggests a conversation about the potential for harm associated with marijuana use. Therefore, the correct label is **HARM**. "
"Hemp , which is a special cultivar of Cannabis Sativa , does not have significant amounts of psychoactive ( THC ) substances in it , less than 1 % .",HARM,"Let's analyze the text and determine why the label ""HARM"" is appropriate. 1. **Focus on Cannabis:** The text explicitly mentions ""Cannabis Sativa,"" highlighting a discussion about a type of cannabis plant. 2. **THC Content:** It emphasizes that hemp has ""less than 1%"" THC, the psychoactive component responsible for marijuana's intoxicating effects. This implies a comparison between hemp and marijuana with higher THC content. 3. **Implied Harm Comparison:** Although not explicitly stated, the text implicitly sets up a contrast between hemp (low THC) and other cannabis varieties (high THC). This suggests a potential discussion about the harm associated with different types of cannabis. Therefore, the correct label is **HARM**. "
"The use of illicit drugs has been prohibited internationally since 1912 , an entire century , because of international agreement that the general community has a greater right to protect itself from the harms of illicit drug use than does an individual user to use a harmful substance recreationally .",HARM,"Let's break down the text and apply the codebook: 1. **Focus on Keywords:** The phrase ""harms of illicit drug use"" is a direct reference to the potential negative consequences associated with drug consumption. This aligns strongly with the definition of the **HARM** aspect. 2. **Contextual Understanding:** The sentence argues that society's right to protection from harm outweighs an individual's right to recreational drug use. This further emphasizes the central theme of harm reduction and its importance in policy decisions. 3. **Exclusion of Other Aspects:** The text doesn't discuss topics like: * **Illegal Trade:** There are no mentions of cartels, drug dealers, or profits from illegal sales. * **Child and Teen Safety:** The focus is on general harm, not specifically on the impact on youth. * **Health/Psychological Effects:** While it alludes to drugs being ""harmful,"" it doesn't delve into specific physiological or psychological consequences. Therefore, the correct label is **HARM**. "
"Anybody who ' s experienced it , actually been addicted to it , knows how profound that addiction is ... . The difficult thing about marijuana addiction is some people , even though they ' re addicted can do fine with it for many many years before they start to have difficultly , but eventually the high starts wearing off , people start smoking a lot more to try to get that high back and that ' s when they descend into difficulties .",ADDICTION,"Let's break down the text and see why the label ""ADDICTION"" is appropriate: 1. **Direct Statement of Addiction:** The text starts with ""Anybody who's experienced it, actually been addicted to it..."". This directly states that the speaker is referring to marijuana addiction. 2. **Description of Addiction Process:** The passage then describes the progression of addiction: how some people can function seemingly normally for years despite being addicted, but eventually experience diminishing returns (""the high starts wearing off"") leading them to increase their consumption and ultimately face difficulties. 3. **Focus on Experience:** The language emphasizes personal experience (""Anybody who's experienced it...""), highlighting the lived reality of marijuana addiction. Therefore, the correct label is ADDICTION. "
It is extremely addictive ... for some people .,ADDICTION,"Let's break down why the label **ADDICTION** is appropriate for the text: 1. **Keyword Analysis:** The sentence directly mentions the word ""addictive."" This keyword strongly aligns with the definition of the ADDICTION aspect in the codebook. 2. **Aspect Definition:** The ADDICTION aspect focuses on statements regarding the potential for marijuana to be habit-forming. The sentence explicitly states that marijuana is ""extremely addictive ... for some people."" Therefore, the correct label is **ADDICTION**. "
Research suggests as many as 10 % of users will develop dependence over time .,ADDICTION,"Here's a step-by-step reasoning for why the label ADDICTION is correct: 1. **Identify keywords:** The text mentions ""dependence"" which is a strong indicator of addiction. 2. **Relate to codebook definition:** The codebook defines ADDICTION as ""marijuana is addicting"". 3. **Sentence meaning:** The sentence states that a significant percentage of marijuana users will develop dependence over time. This directly supports the idea that marijuana can be addictive. Therefore, the correct label is **ADDICTION**. "
""" [ ... ] "" As is the case with alcohol addiction , illicit drug addictions likewise serve to keep many such users functionally in poverty and often as a continued burden on friends , family and society .",ADDICTION,"Let's break down why the label **ADDICTION** is correct for the given text: 1. **Focus on Addiction:** The sentence directly compares ""alcohol addiction"" with ""illicit drug addictions"". This clear focus on addiction as a central theme points towards the **ADDICTION** category. 2. **Consequences of Addiction:** The text further elaborates on the negative consequences of addiction, stating that it ""keep many such users functionally in poverty and often as a continued burden on friends, family and society."" This aligns with the understanding of addiction as a harmful condition with societal ramifications. Therefore, the correct label is **ADDICTION**. "
"First , marijuana is far more likely to cause addiction .",ADDICTION,"Let's break down why the label ""ADDICTION"" is correct for the given text: 1. **Identify Keywords:** The sentence focuses on the likelihood of marijuana causing addiction: ""...marijuana is far more likely to cause addiction."" 2. **Match Keywords to Codebook:** The codebook explicitly defines the ""ADDICTION"" aspect as dealing with statements regarding marijuana's addictiveness. 3. **Sentence Alignment:** The sentence directly states that marijuana is ""far more likely to cause addiction,"" aligning perfectly with the definition provided in the codebook. Therefore, the correct label is ADDICTION. "
"Addiction treatment specialists , however , have seen firsthand that long term use does lead to marijuana addiction .",ADDICTION,"Let's break down why the label **ADDICTION** is correct for the given text: 1. **Focus on Addiction:** The sentence directly addresses the topic of marijuana addiction. It states that ""long term use does lead to marijuana addiction"". This is a clear and direct statement about the addictive nature of marijuana. 2. **Expert Testimony:** The sentence cites ""Addiction treatment specialists"" who have ""seen firsthand"" evidence of marijuana addiction. This lends credibility to the claim and emphasizes the real-world consequences of prolonged marijuana use. Therefore, the correct label is **ADDICTION**. "
"A marijuana withdrawal syndrome occurs , consisting of anxiety , depression , sleep and appetite disturbances , irritability , tremors , diaphoresis , nausea , muscle convulsions , and restlessness .",ADDICTION,"Let's break down why the label ""ADDICTION"" is correct for the given text: 1. **Focus on Withdrawal Symptoms:** The sentence explicitly describes a ""marijuana withdrawal syndrome"". Withdrawal syndromes are a hallmark of addiction. They occur when someone who regularly uses a substance tries to stop or reduce their use. 2. **Specific Physiological and Psychological Effects:** The text lists various symptoms associated with marijuana withdrawal: anxiety, depression, sleep and appetite disturbances, irritability, tremors, diaphoresis (sweating), nausea, muscle convulsions, and restlessness. These are common symptoms experienced during withdrawal from addictive substances. Therefore, the correct label is **ADDICTION**. "
Even the gateway effect — the theory that cannabis leads to other drugs — was discarded long ago .,GATEWAY_DRUG,"1. **Identify keywords:** The text mentions the ""gateway effect"" and ""cannabis leads to other drugs"". 2. **Match keywords with codebook categories:** These keywords directly correspond to the definition of the **GATEWAY DRUG** aspect in the codebook, which states: ""Marijuana use leads to the use of harder drugs."" 3. **Sentence structure:** The sentence structure itself refutes the gateway effect theory (""was discarded long ago""). Therefore, the correct label is **GATEWAY_DRUG**. "
"Not surprisingly , most users of other illicit drugs have used marijuana first .",GATEWAY_DRUG,"1. **Identify keywords:** The sentence contains the phrase ""most users of other illicit drugs have used marijuana first."" 2. **Relate keywords to codebook categories:** This phrase directly connects marijuana use to the subsequent use of harder drugs. 3. **Match to specific category:** This relationship between marijuana and harder drug use is explicitly described in the definition of the **GATEWAY_DRUG** aspect: ""Marijuana use leads to the use of harder drugs."" Therefore, the correct label is GATEWAY_DRUG. "
There is no conclusive evidence that the drug effects of marijuana are causally linked to the subsequent abuse of other illicit drugs .,GATEWAY_DRUG,"Let's break down why the label ""GATEWAY_DRUG"" is correct for the given text. 1. **Focus on Drug Use Patterns:** The sentence directly addresses the concept of marijuana use leading to the abuse of other illicit substances. This is the core idea behind the ""gateway drug"" theory. 2. **""No Conclusive Evidence""**: While the sentence argues against a causal link, it still engages with the debate surrounding marijuana as a gateway drug. The lack of conclusive evidence doesn't negate the fact that the text is discussing this specific aspect. 3. **Relevance to Codebook:** The codebook explicitly defines ""GATEWAY DRUG"" as ""Marijuana use leads to the use of harder drugs."" The sentence aligns with this definition by directly questioning the causal relationship between marijuana use and subsequent drug abuse. Therefore, the correct label is GATEWAY_DRUG. "
Studies show that marijuana use often progresses to the use of harder drugs .,GATEWAY_DRUG,"Let's break down why the label GATEWAY_DRUG is appropriate for the given text. 1. **Key Phrase:** The sentence states ""marijuana use often progresses to the use of harder drugs."" 2. **Codebook Definition:** The GATEWAY DRUG aspect specifically refers to the argument that marijuana use leads to the consumption of more dangerous illicit substances. 3. **Direct Alignment:** The text directly reflects this concept by suggesting a progression from marijuana use to ""harder drugs."" Therefore, the correct label is GATEWAY_DRUG."
"Then , after using it for a while , a bigger "" high "" is sought ; thus , users then turn to the harder stuff like heroin , LSD , cocaine , etc .",GATEWAY_DRUG,"Let's break down why the label GATEWAY_DRUG is correct for the given text: 1. **Sentence Content:** The sentence explicitly states that after using marijuana (""it""), users seek a ""bigger high"" and turn to harder drugs like heroin, LSD, and cocaine. 2. **Codebook Definition:** The codebook defines the GATEWAY_DRUG aspect as ""Marijuana use leads to the use of harder drugs."" 3. **Direct Correspondence:** The sentence's content directly aligns with this definition. It describes a progression from marijuana use to the pursuit of more potent substances. Therefore, the correct label is GATEWAY_DRUG. "
"Do we move on from there to Crack , Heroin or Meth ?",GATEWAY_DRUG,"Let's analyze the text ""Do we move on from there to Crack , Heroin or Meth ?"" step-by-step based on the provided codebook: 1. **Identify Keywords:** The key phrases in this sentence are ""move on"" and the listing of harder drugs: ""Crack, Heroin, or Meth"". 2. **Relate to Codebook Categories:** * The phrase ""move on"" implies a progression from one substance to another. * The list of hard drugs suggests a trajectory towards more dangerous substances. 3. **Match with Aspect:** This directly aligns with the definition of the **GATEWAY_DRUG** aspect, which states: *""Marijuana use leads to the use of harder drugs""*. Therefore, the correct label is **GATEWAY_DRUG**. "
Research even suggests that its use might be linked to a higher risk of prescription drug use .,GATEWAY_DRUG,"Let's analyze the text: ""Research even suggests that its use might be linked to a higher risk of prescription drug use."" 1. **Focus on the key phrase:** ""its use might be linked to a higher risk of prescription drug use."" 2. **Identify the implied substance:** While not explicitly stated, ""its use"" likely refers to marijuana given the context of the discussion about legalization. 3. **Match the phrase to the codebook categories:** The sentence directly addresses the idea that marijuana use could lead to the use of other, potentially more harmful drugs (prescription drugs in this case). Therefore, the correct label is GATEWAY_DRUG. "
"But through legalization , there will be open competition and lower prices , so drug cartels , which might include terrorists , would lose some or even all of their business .",ILLEGAL_TRADE,"Let's analyze the text to determine why the label ""ILLEGAL_TRADE"" is correct: 1. **Focus on Drug Cartels:** The sentence explicitly mentions ""drug cartels"" who are directly involved in illegal trade. 2. **Impact of Legalization:** It states that legalization would lead to ""open competition and lower prices,"" which would negatively impact the business of drug cartels. This connection between legalization and the weakening of illegal trade operations is a central aspect of the ""ILLEGAL_TRADE"" category. 3. **Potential for Terrorism:** The text further emphasizes the potential threat posed by these cartels by mentioning that they ""might include terrorists."" This reinforces the link to illicit activities associated with illegal trade. Therefore, the correct label is ILLEGAL_TRADE. "
"Drug decriminalization would remove the "" glamorous Al Capone-type traffickers who are role-models for the young "" .",ILLEGAL_TRADE,"Here's a step-by-step reasoning for why the label **ILLEGAL_TRADE** is correct for the given text: 1. **Identify Key Phrases:** The text mentions ""drug decriminalization"" and ""glamorous Al Capone-type traffickers"". 2. **Connect to Codebook Categories:** * ""Drug decriminalization"" directly relates to the illegal drug trade as it suggests a change in legal status for currently illicit substances. * ""Glamorous Al Capone-type traffickers"" explicitly refers to figures associated with organized crime and the illegal trade of alcohol during Prohibition, drawing a parallel to the potential consequences of maintaining marijuana's illegal status. 3. **Apply Aspect Definition:** The aspect **ILLEGAL_TRADE** focuses on the economic and social implications of illegal drug markets. The text argues that decriminalization would remove the allure of criminal enterprises associated with drug trafficking. Therefore, the correct label is **ILLEGAL_TRADE**. "
States can tax users to deter consumption — though not so much as to make consumers turn first to the untaxed black market .,ILLEGAL_TRADE,"Here's a step-by-step reasoning for why the label ""ILLEGAL_TRADE"" is correct for the given text: 1. **Focus on keywords:** The sentence mentions ""untaxed black market."" This phrase directly relates to the illegal trade of marijuana. 2. **Codebook definition:** The codebook defines ""ILLEGAL_TRADE"" as encompassing aspects like profits benefiting criminals, violence associated with illegal trade, and how legalization might limit criminal profits. 3. **Connecting the sentence to the definition:** The text highlights the concern that heavy taxation could drive consumers towards an ""untaxed black market."" This implies a connection between legal marijuana sales and the persistence of illegal trade channels. Therefore, the correct label is ILLEGAL_TRADE. "
"Nor does anyone really believe that the gangs will subject themselves to state and local regulation , including taxation .",ILLEGAL_TRADE,"Let's analyze the text: ""Nor does anyone really believe that the gangs will subject themselves to state and local regulation, including taxation."" * **Focus on Keywords:** The sentence mentions ""gangs,"" ""state and local regulation,"" and ""taxation."" * **Link to Codebook Categories:** These keywords strongly align with the [ILLEGAL_TRADE] category. * The codebook explicitly mentions ""Cartels"" and ""Drug Dealers"" as common terms associated with illegal trade. While ""gangs"" isn't listed directly, it implies an illicit organization involved in the drug trade. * The phrase ""subject themselves to state and local regulation, including taxation"" suggests that these gangs are currently operating outside legal frameworks. Therefore, the correct label is **ILLEGAL_TRADE**. "
This has created a new black market and decreased property values .,ILLEGAL_TRADE,"Let's analyze the text: ""This has created a new black market and decreased property values."" 1. **Identify keywords:** The phrase ""new black market"" is a strong indicator of illegal trade activities. 2. **Connect to codebook definition:** The codebook defines [ILLEGAL_TRADE] as encompassing sentences discussing profits for criminals, violence associated with illegal trade, and the impact of legalization on criminal profits. 3. **Sentence relevance:** The sentence highlights the negative consequences (""new black market"" and ""decreased property values"") directly resulting from an unspecified event (likely marijuana prohibition). This aligns with the concept of illegal trade persisting despite potential legal changes. Therefore, the correct label is ILLEGAL_TRADE. "
"Due to the absence of competition and high street prices , they are making enormous sums of money .",ILLEGAL_TRADE,"Let's break down why the label **ILLEGAL_TRADE** is accurate for the given text. 1. **Focus on Profits:** The sentence highlights ""enormous sums of money"" being made. This directly relates to the financial aspect often associated with illegal trade. 2. **Absence of Competition & High Prices:** These phrases suggest a black market scenario where a limited number of entities control the supply, leading to inflated prices – typical characteristics of illegal drug trades. Therefore, the correct label is **ILLEGAL_TRADE**. "
"When a person buys weed off the street , there is no way he would exactly know what dangerous substances are cut into it .",ILLEGAL_TRADE,"Here's a step-by-step reasoning for why the label ""ILLEGAL_TRADE"" is correct for the given text: 1. **Identify key phrases:** The text mentions ""buys weed off the street"". This phrase directly relates to the purchase and sale of marijuana outside legal channels, which is characteristic of illegal trade. 2. **Focus on consequences:** The sentence further highlights a risk associated with this illegal purchase: ""there is no way he would exactly know what dangerous substances are cut into it"". This emphasizes the lack of regulation and safety controls inherent in illegal drug markets. Therefore, the correct label is **ILLEGAL_TRADE**. "
"Even smoking weed at home will allow the drug to make its way to others , especially if it is a multi-level apartment complex .",PERSONAL_FREEDOM,"Let's break down why the label **PERSONAL_FREEDOM** is correctly assigned to the text: 1. **Focus on Impact Beyond the Individual:** The sentence explicitly states ""Even smoking weed at home will allow the drug to make its way to others"". This highlights a concern about the potential consequences of marijuana use extending beyond the individual smoker. 2. **Implication of Shared Space:** The mention of a ""multi-level apartment complex"" emphasizes the shared nature of living spaces and introduces the idea that personal choices (like smoking weed) can impact others in close proximity. 3. **Contrasting Perspectives on Freedom:** The text implicitly contrasts the argument for personal freedom to smoke marijuana with the potential infringement on the freedom of others to live in a drug-free environment. Therefore, the correct label is **PERSONAL_FREEDOM**. "
Limiting the use of the drug intrudes on personal freedom .,PERSONAL_FREEDOM,"Let's break down the reasoning for labeling the text as PERSONAL FREEDOM: 1. **Focus on Individual Choice:** The sentence explicitly states ""Limiting the use of the drug intrudes on personal freedom."" This centers the argument around an individual's right to make choices about their own body and consumption habits. 2. **Absence of Other Aspects:** The sentence doesn't mention topics like illegal trade, child safety, health effects, or societal impacts. Its core concern is the restriction placed on personal autonomy. 3. **Alignment with Codebook Definition:** The codebook defines PERSONAL FREEDOM as encompassing arguments about individual rights regarding drug use, including statements like ""if I smoke weed it only affects myself"" and discussions of victimless crimes. Therefore, the correct label is PERSONAL_FREEDOM. "
A national telephone survey conducted in 1993 found that between 52 % and 55 % of Australians believed that growing and possessing cannabis for personal use should be legalised .,PERSONAL_FREEDOM,"Let's break down why the label ""PERSONAL_FREEDOM"" is appropriate for this text: 1. **Focus on Individual Choice:** The sentence highlights a survey about public opinion on legalizing cannabis ""for personal use."" This phrasing emphasizes the individual's right to make choices about their own consumption. 2. **Absence of Broader Societal Concerns:** The text doesn't mention any potential negative impacts of legalization on society, health, crime, or other aspects outlined in the codebook. It solely focuses on the percentage of Australians who support personal use. 3. **Alignment with Codebook Definition:** The codebook defines ""PERSONAL FREEDOM"" as encompassing arguments centered around individual autonomy and the idea that using marijuana only affects oneself. The sentence directly reflects this notion by focusing on the right to grow and possess cannabis for personal consumption. Therefore, the correct label is PERSONAL_FREEDOM. "
Public places like bars would expose innocent patrons .,PERSONAL_FREEDOM,"Let's break down the text and apply the codebook reasoning: 1. **Focus:** The sentence highlights the potential negative impact of public marijuana use on ""innocent patrons"" in settings like bars. 2. **Implied Argument:** The sentence implicitly argues against marijuana use in public spaces, suggesting it infringes on the freedom of non-users to enjoy those spaces without exposure. 3. **Codebook Alignment:** This aligns directly with the definition of the ""PERSONAL FREEDOM"" aspect: * It touches upon the idea that individual choices regarding marijuana use might affect others' enjoyment and freedom in shared spaces. 4. **Secondhand Smoke:** While not explicitly mentioned, the phrase ""expose innocent patrons"" evokes the concern about secondhand smoke, a common element within discussions of personal freedom related to marijuana use. Therefore, the correct label is PERSONAL_FREEDOM."
But private spaces are another matter .,PERSONAL_FREEDOM,"Here's a breakdown of the reasoning: 1. **Identify Key Concepts:** The sentence focuses on ""private spaces"" and implies that actions within those spaces might be subject to different rules or considerations. 2. **Connect to Codebook Categories:** The codebook defines the PERSONAL FREEDOM aspect as encompassing ideas related to individual autonomy and the impact of choices on oneself versus others. 3. **Apply the Definition:** The sentence suggests a distinction between actions in public versus private spaces, hinting at the idea that what someone does in their own private space should be their prerogative. This aligns with the concept of personal freedom. Therefore, the correct label is PERSONAL_FREEDOM. "
Common sense tells us that more widespread usage of marijuana increases the likelihood that other people would suffer the damage of inhaling other people ' s smoke .,PERSONAL_FREEDOM,"Let's break down why the label ""PERSONAL_FREEDOM"" is correct for this text. 1. **Focus on Secondhand Smoke:** The sentence explicitly mentions ""the damage of inhaling other people's smoke."" This points towards a concern about the impact of marijuana use on others who are not directly choosing to consume it. 2. **Implied Limitation on Personal Freedom:** The argument suggests that increased marijuana usage could infringe on the personal freedom of non-smokers by exposing them to secondhand smoke and its potential harms. 3. **""Common Sense"" Appeal:** The phrase ""common sense tells us"" further emphasizes the idea that there are limitations to individual freedom when it comes to actions that might negatively affect others. Therefore, the correct label is PERSONAL_FREEDOM. "
"The City Council of Chico , California , has released a report detailing the situation and describing how citizens living near marijuana cultivators are disturbed by the incredible stink emanating from the plants .",PERSONAL_FREEDOM,"Let's analyze the text to determine why the label is PERSONAL_FREEDOM: 1. **Focus on Citizen Disturbance:** The sentence highlights the negative impact of marijuana cultivation on nearby residents (""citizens living near marijuana cultivators are disturbed""). This implies a clash between individual freedoms - the cultivator's right to grow marijuana and the residents' right to enjoy a peaceful environment free from unpleasant odors. 2. **""Incredible Stink"" as a Key Phrase:** The description ""incredible stink emanating from the plants"" emphasizes the sensory intrusion caused by the cultivation. This directly relates to the concept of personal space and freedom from unwanted olfactory experiences. 3. **Absence of Other Aspects:** The text doesn't mention topics like health effects, illegal trade, or drug policy. It solely focuses on the conflict arising from the smell impacting residents' quality of life. Therefore, the correct label is PERSONAL_FREEDOM. "
